{"earth_relief": "on", "grid_color": "grey10", "imscale": 0.7692307692307692, "xview": [0.7759066644653568, 0.8190523361400033], "yview": [0.5091909741331866, 0.57347275729224], "__curr_img": 0, "__scale": 0.7692307692307692, "container_coords": 2, "hbar": [0.7759066644653568, 0.8190523361400033], "vbar": [0.5091909741331866, 0.57347275729224]}