{"earth_relief": "on", "grid_color": "grey10", "imscale": 0.3501277966457759, "xview": [0.7364284850683109, 0.8312175069520009], "yview": [0.46892382103990327, 0.6101571946795646], "__curr_img": 1, "__scale": 0.7002555932915518, "container_coords": 2, "hbar": [0.7364284850683109, 0.8312175069520009], "vbar": [0.46892382103990327, 0.6101571946795646]}