{"earth_relief": "on", "grid_color": "grey10", "imscale": 0.2071762110330033, "xview": [0.7139354311401717, 0.8741315897016755], "yview": [0.43008994276369583, 0.6688470973017171], "__curr_img": 2, "__scale": 0.8287048441320132, "container_coords": 2, "hbar": [0.7139354311401717, 0.8741315897016755], "vbar": [0.43008994276369583, 0.6688470973017171]}