{"earth_relief": "off", "grid_color": "deepskyblue", "imscale": 0.4551661356395087, "xview": [0.7647879464285714, 0.8377046130952381], "yview": [0.4876279069767442, 0.5962790697674418], "__curr_img": 1, "__scale": 0.9103322712790174, "container_coords": 2, "hbar": [0.7647879464285714, 0.8377046130952381], "vbar": [0.4876279069767442, 0.5962790697674418]}