{"earth_relief": "on", "grid_color": "grey10", "imscale": 1.6900000000000013, "xview": [0.7886127949501528, 0.8082510896247683], "yview": [0.5265531062124249, 0.555811623246493], "__curr_img": 0, "__scale": 1.6900000000000013, "container_coords": 2, "hbar": [0.7886127949501528, 0.8082510896247683], "vbar": [0.5265531062124249, 0.555811623246493]}