{"earth_relief": "on", "grid_color": "grey10", "imscale": 2.197000000000002, "xview": [0.7889747393976763, 0.8040810034875431], "yview": [0.523431478341298, 0.5459380299059657], "__curr_img": -1, "__scale": 2.197000000000002, "container_coords": 2, "hbar": [0.7889747393976763, 0.8040810034875431], "vbar": [0.523431478341298, 0.5459380299059657]}