{
    "output_dir": "D:/peta_baru",
    "roi": [
        "111.4448",
        "115.275",
        "-9.2417",
        "-6.543"
    ],
    "earth_relief": "on",
    "grid_color": "grey10",
    "imscale": 0.3501277966457759,
    "xview": [
        0.7764478297666546,
        0.8712368516503446
    ],
    "yview": [
        0.4592503022974607,
        0.6004836759371222
    ],
    "__curr_img": 1,
    "__scale": 0.7002555932915518,
    "container_coords": 2,
    "hbar": [
        0.7764478297666546,
        0.8712368516503446
    ],
    "vbar": [
        0.4592503022974607,
        0.6004836759371222
    ]
}