{"output_dir": "D:/peta_baru", "roi": ["100.1809", "114.8189", "-12.9114", "-1.2153"],"earth_relief": "on", "grid_color": "grey10", "imscale": 1.0000000000000007, "xview": [0.7799085598171196, 0.8130979595292523], "yview": [0.5175275190516512, 0.5669771380186283], "__curr_img": 0, "__scale": 1.0000000000000007, "container_coords": 2, "hbar": [0.7799085598171196, 0.8130979595292523], "vbar": [0.5175275190516512, 0.5669771380186283]}